{
  "manifest.json": 1724599046331,
  "ext/delegates/ItemTableDelegate.js": 1724592173234,
  "ext/event/SourcingEvent.controller.js": 1724598983263,
  "ext/main/Main.controller.js": 1724594323994,
  "control/IconTab/IconTabHeader.js": 1724518681774,
  "control/IconTab/IconTab.js": 1724520164892,
  "i18n/i18n.properties": 1724219919998,
  "Component.js": 1724493561150,
  "ext/delegates/ItemTableDelegate-dbg.js": 1724592173234,
  "ext/delegates/ItemTableDelegate.js.map": 1724599046477,
  "ext/event/SourcingEvent-dbg.controller.js": 1724598983263,
  "ext/event/SourcingEvent.controller.js.map": 1724599046476,
  "ext/main/Main-dbg.controller.js": 1724594323994,
  "ext/main/Main.controller.js.map": 1724599046494,
  "control/IconTab/IconTabHeader-dbg.js": 1724518681774,
  "control/IconTab/IconTabHeader.js.map": 1724599046476,
  "control/IconTab/IconTab-dbg.js": 1724520164892,
  "control/IconTab/IconTab.js.map": 1724599046481,
  "Component-dbg.js": 1724493561150,
  "Component.js.map": 1724599046478,
  "Component-preload.js": 1724599046637,
  "Component-preload.js.map": 1724599046637,
  "ext/main/Main.view.xml": 1724593305149,
  "ext/event/SourcingEvent.view.xml": 1724598964934,
  "ext/.DS_Store": 1724595818873,
  "index.html": 1724219919997,
  ".DS_Store": 1724595818874
}